{
  "n_clusters": 4,
  "n_companies": 49,
  "cluster_summary": {
    "avg_ctc": {
      "0": 4.0,
      "1": 10.99,
      "2": 0.2,
      "3": 10.03
    },
    "total_offers": {
      "0": 41.0,
      "1": 1.0,
      "2": 5.67,
      "3": 9.11
    },
    "years_active": {
      "0": 1.0,
      "1": 1.0,
      "2": 1.0,
      "3": 1.0
    },
    "company_name": {
      "0": 1,
      "1": 36,
      "2": 3,
      "3": 9
    }
  },
  "pca_variance_explained": [
    0.5763229827448622,
    0.42367701725513784,
    0.0
  ]
}